CRS_DEP_TIME,DEP_DELAY,TAXI_OUT,WHEELS_OFF,WHEELS_ON,TAXI_IN,CRS_ARR_TIME,ARR_DELAY,DIVERTED,CRS_ELAPSED_TIME,DISTANCE,DAY,MONTH,YEAR,DAY_OF_WEEK,pred_delay
1150,2,21,1213,1400,12,1409,3,0,79,250,8,4,2019,0,2.1746
1230,0,17,1247,1342,3,1349,-4,0,79,351,25,5,2019,5,-5.5889
1410,-10,14,1414,1355,18,1425,-12,0,75,177,25,10,2019,4,-11.488
850,10,9,909,1017,9,1025,1,0,95,391,11,4,2021,6,0.2161
1405,-5,19,1419,1626,8,1645,-11,0,160,937,19,8,2019,0,-9.0331
925,-3,18,940,1225,6,1234,-3,0,129,674,6,3,2022,6,-6.8593
1800,-4,15,1811,2001,3,2020,-16,0,140,837,1,3,2021,0,-11.5254
1950,172,8,2250,2357,4,2125,156,0,95,472,26,4,2019,4,143.9896
2005,9,20,2034,2203,6,2207,2,0,122,643,31,7,2021,5,4.9334
1312,-6,11,1317,1409,9,1436,-18,0,84,347,22,7,2022,4,-13.3185
1420,33,22,1515,1641,9,1611,39,0,171,875,22,12,2022,3,27.3391
1635,-2,9,1642,1748,3,1800,-9,0,85,451,8,6,2023,3,-10.9749
743,29,16,828,1310,12,1135,107,0,232,1666,20,4,2021,1,21.7793
1309,-4,26,1331,1528,5,1538,-5,0,149,921,16,9,2019,0,-4.608
1325,-1,18,1342,1501,6,1524,-17,0,119,552,21,4,2019,6,-10.6538
740,7,21,808,1043,4,1048,-1,0,188,1197,27,3,2023,0,6.3033
2030,-9,5,2026,2120,6,2125,1,0,175,1069,13,2,2019,2,-19.9989
1050,-5,21,1106,1320,5,1338,-13,0,168,867,5,4,2023,2,-11.1647
1023,-5,12,1030,1125,7,1138,-6,0,75,288,6,10,2022,3,-12.8779
1320,-3,12,1329,1412,4,1425,-9,0,65,223,23,3,2019,5,-9.7662
1152,-2,45,1235,1720,7,1732,-5,0,220,1384,1,1,2020,2,13.0411
1520,-8,17,1529,1736,4,1752,-12,0,152,857,16,10,2019,2,-15
712,-6,15,721,823,11,905,-31,0,113,391,20,9,2021,0,-16.0083
2105,-1,17,2121,2345,4,2353,-4,0,108,563,19,6,2022,6,-4.799
605,-4,14,615,807,5,810,2,0,125,672,14,3,2021,6,-11.8886
1450,-6,11,1455,1730,6,1800,-24,0,130,733,4,4,2021,6,-14.7536
600,-3,14,611,740,7,800,-13,0,120,615,20,9,2021,0,-11.6268
1730,0,16,1746,2144,7,2200,-9,0,150,1015,3,12,2021,4,-5.6937
1629,-8,13,1634,1758,11,1810,-1,0,101,351,27,3,2021,5,-16.7474
1112,-5,6,1113,1257,6,1328,-25,0,76,287,27,3,2021,5,-19.5873
950,6,28,1024,1157,9,1159,7,0,249,1635,14,4,2023,4,4.8452
800,-5,30,825,1505,11,1530,-14,0,330,2556,6,3,2020,4,-1.7641
1420,-11,11,1420,1647,5,1724,-32,0,184,1102,19,9,2022,0,-22.7873
1305,-3,33,1335,1528,13,1533,8,0,148,728,21,8,2022,6,6.757
657,7,18,722,1248,8,1313,-17,0,256,1874,22,10,2019,1,-2.0054
1230,0,15,1245,1721,12,1736,-3,0,186,1235,24,3,2021,2,-6.3393
1705,-4,10,1711,2131,4,2135,0,0,150,1044,26,7,2020,6,-13.3161
1638,-3,20,1655,1745,4,1753,-4,0,75,304,17,11,2019,6,-5.4781
2018,-2,35,2051,2203,7,2203,7,0,105,427,23,12,2019,0,6.0856
615,-4,18,629,822,5,834,-7,0,79,344,12,11,2022,5,-6.3204
1042,23,26,1131,1244,3,1230,17,0,108,461,17,6,2019,0,19.9522
1545,-4,17,1558,1811,5,1825,-9,0,280,1781,19,9,2021,6,-17.3574
1416,-6,10,1420,1547,5,1504,48,0,48,126,1,6,2023,3,-13.2045
1720,3,15,1738,2224,6,2237,-7,0,197,1452,28,6,2019,4,-6.2993
720,-10,10,720,810,20,833,-3,0,73,264,8,10,2021,4,-8.4531
1520,-12,33,1541,1821,4,1826,-1,0,126,754,1,2,2019,4,2.2264
645,-1,9,653,1126,4,1149,-19,0,184,1254,22,7,2021,3,-15.964
2100,-5,30,2125,2223,5,2236,-8,0,96,354,21,2,2021,6,-5.8483
1905,268,13,2346,29,5,2010,264,0,125,721,3,8,2021,1,247.6632
1330,-10,12,1332,1400,6,1420,-14,0,50,110,9,10,2022,6,-15.1031
600,52,9,701,940,5,850,55,0,170,1062,24,3,2022,3,35.4455
600,-1,10,609,707,9,726,-10,0,86,354,9,12,2022,4,-9.9828
1450,-7,14,1457,1522,7,1548,-19,0,58,99,25,10,2022,1,-13.9582
1300,59,16,1415,1634,9,1612,31,0,192,1089,25,11,2021,3,42.502
1546,-8,15,1553,1902,6,1908,0,0,142,918,25,6,2022,5,-14.3082
1750,13,12,1815,2320,8,2317,11,0,207,1504,20,12,2019,4,0.1662
2025,-2,29,2052,2246,4,2252,-2,0,267,1739,13,9,2019,4,-3.1298
2014,61,18,2133,2305,2,2248,19,0,274,1723,20,11,2022,6,44.0421
1502,2,17,1521,1532,4,1535,1,0,93,425,1,8,2019,3,-4.764
2025,20,22,2107,2137,6,2143,0,0,258,1671,26,5,2023,4,11.5918
1619,245,15,2039,2057,5,1709,233,0,110,551,22,7,2021,3,229.9616
958,-2,17,1013,1135,7,1151,-9,0,113,594,27,4,2019,5,-7.3472
1730,-8,14,1736,2043,7,2110,-20,0,160,1172,12,1,2020,6,-17.6712
2035,-3,14,2046,2122,2,2138,-14,0,63,188,8,9,2019,6,-12.5499
1136,-4,13,1145,1342,10,1351,1,0,135,737,15,10,2021,4,-11.1505
616,-2,41,655,1012,12,1010,14,0,174,930,24,1,2019,3,8.1623
700,-8,31,723,822,3,831,-6,0,91,266,14,12,2022,2,-11.5092
1535,-14,12,1533,1603,4,1634,-27,0,59,164,20,6,2020,5,-22.0823
1610,-10,13,1613,1812,8,1831,-11,0,141,726,21,1,2023,5,-20.1726
1345,10,12,1407,1734,11,1738,7,0,173,1195,11,12,2019,2,2.4503
1810,20,61,1931,2112,9,2025,56,0,135,679,8,8,2019,3,55.4852
1820,-6,8,1822,1855,5,1915,-15,0,55,189,13,8,2023,6,-13.7987
1035,2,19,1056,1236,7,1300,-17,0,265,1744,30,9,2022,4,-8.4895
1326,-6,15,1335,1404,5,1419,-10,0,53,113,28,2,2020,4,-11.78
907,7,24,938,1118,5,1124,-1,0,137,736,16,8,2023,2,2.3814
945,-8,13,950,1808,10,1759,19,0,314,2402,27,7,2023,3,-15.6994
1120,2,41,1203,1310,4,1257,17,0,97,449,19,2,2019,1,16.2782
1855,-12,10,1853,2115,3,2140,-22,0,105,599,6,9,2020,6,-25.5024
1420,65,27,1552,1656,12,1556,72,0,96,391,29,6,2022,2,65.9033
630,-10,15,635,836,4,900,-20,0,150,867,14,3,2021,6,-18.7732
1925,-4,9,1930,2034,10,2110,-26,0,165,929,5,8,2019,0,-16.9533
700,-6,19,713,754,7,822,-21,0,82,179,5,3,2021,4,-14.2854
1519,-15,25,1529,1607,4,1638,-27,0,79,200,22,5,2019,2,-16.5314
1210,-5,18,1223,1722,4,1740,-14,0,210,1519,22,3,2022,1,-13.303
920,-2,15,933,1103,6,1116,-7,0,176,1066,27,4,2023,3,-11.6283
1325,3,14,1342,1654,5,1705,-6,0,160,1062,12,7,2022,1,-6.4061
730,-3,17,744,857,19,908,8,0,158,740,12,8,2023,5,-9.3337
705,-2,15,718,1018,7,1039,-14,0,154,931,31,7,2019,2,-10.229
800,16,20,836,920,2,904,18,0,64,209,7,12,2022,2,15.0793
1853,-4,15,1904,2034,5,2054,-15,0,61,157,6,5,2019,0,-14.177
1830,-6,15,1839,1944,4,1955,-7,0,85,354,30,11,2020,0,-14.7924
1050,20,15,1125,1600,6,1544,22,0,174,1290,23,3,2019,5,9.6459
2010,43,16,2109,2242,2,2203,41,0,113,623,13,6,2021,6,34.6321
1500,40,18,1558,1749,4,1715,38,0,75,262,24,10,2022,0,32.3391
1040,-10,22,1052,1142,3,1150,-5,0,130,599,19,8,2021,3,-15.3708
1356,-7,12,1401,1511,9,1533,-13,0,97,451,30,8,2022,1,-13.5249
2055,30,9,2134,2354,4,2335,23,0,100,602,14,4,2019,6,19.83
830,-6,15,839,947,5,1001,-9,0,91,396,4,3,2022,4,-13.0261
1351,58,16,1505,1729,3,1657,35,0,186,1074,20,9,2019,4,46.8041
2055,-9,20,2106,2135,8,2158,-15,0,63,86,22,2,2019,4,-13.9996
845,-10,13,848,959,5,1029,-25,0,104,451,30,8,2020,6,-21.2606
1440,30,14,1524,1620,4,1605,19,0,85,391,2,6,2021,2,21.1203
605,-5,15,615,701,16,722,-5,0,77,229,9,12,2020,2,-7.6355
1005,1,10,1016,1008,7,1025,-10,0,140,843,8,7,2022,4,-8.189
1833,1,19,1853,2030,17,2049,-2,0,136,746,8,3,2023,2,0.5475
1342,-5,14,1351,1551,7,1610,-12,0,268,1670,22,3,2023,2,-16.2889
611,-6,16,621,722,8,754,-24,0,103,419,12,6,2019,2,-13.3367
1018,0,9,1027,1118,5,1136,-13,0,78,306,27,8,2021,4,-11.6527
1205,-12,18,1211,1229,4,1246,-13,0,101,546,23,9,2022,4,-15.3515
1625,-5,39,1659,1812,4,1808,8,0,103,335,3,6,2023,5,-5.995
1625,1,26,1652,1721,2,1720,3,0,55,83,4,11,2019,0,0.782
1546,-3,27,1610,1633,5,1635,3,0,109,563,18,7,2022,0,-0.1132
2120,-10,12,2122,2216,3,2243,-24,0,83,372,27,7,2021,1,-21.6137
2359,-10,15,4,806,5,812,-1,0,313,2475,8,1,2021,4,-21.6971
1215,4,13,1232,1919,24,1927,16,0,312,2384,27,12,2021,0,6.161
1720,48,19,1827,1932,3,1849,46,0,89,337,18,5,2019,5,39.9305
1140,-1,19,1158,1641,4,1639,6,0,479,3414,11,2,2019,0,-14.0762
1025,-3,15,1037,1255,3,1320,-22,0,115,590,11,8,2019,6,-10.0489
850,-5,8,853,954,3,1020,-23,0,90,472,17,1,2021,6,-17.0674
1625,-2,19,1642,1736,3,1746,-7,0,81,377,26,2,2019,1,-5.2431
1329,3,9,1341,1559,9,1613,-5,0,104,558,17,4,2023,0,-5.4632
605,-8,16,613,710,7,750,-33,0,105,335,6,10,2019,6,-23.3101
915,15,31,1001,1312,7,1255,24,0,160,1005,25,7,2021,6,21.2099
1729,-3,12,1738,1838,4,1849,-7,0,80,383,8,9,2022,3,-9.3867
1447,-10,8,1445,1518,9,1555,-28,0,68,156,11,5,2023,3,-24.8596
1325,1,10,1336,1541,4,1555,-10,0,90,488,8,1,2023,6,-8.0985
1605,21,12,1638,1809,11,1812,8,0,127,612,14,5,2023,6,11.9479
1955,25,16,2036,2156,13,2200,9,0,125,509,4,7,2023,1,16.5011
1008,-7,15,1016,1321,9,1345,-15,0,157,986,17,9,2020,3,-12.7735
950,-6,14,958,1041,10,1102,-11,0,72,270,6,9,2022,1,-9.5595
1501,-5,15,1511,1658,7,1724,-19,0,83,296,25,5,2023,3,-15.2057
2115,70,15,2240,608,9,521,56,0,306,2475,14,2,2021,6,51.3334
1600,-4,11,1607,1805,9,1803,11,0,123,632,18,3,2021,3,-14.3585
1550,-5,6,1551,1700,3,1715,-12,0,85,369,14,6,2020,6,-18.2922
640,-10,11,641,824,16,915,-35,0,215,1217,19,4,2023,2,-15.936
1231,0,14,1245,1405,12,1421,-4,0,110,581,12,10,2019,5,-4.037
1155,5,9,1209,1457,4,1515,-14,0,140,862,6,10,2021,2,-6.3689
1830,-2,23,1851,2108,4,2122,-10,0,112,588,19,12,2020,5,-6.364
1350,130,10,1610,2105,7,1906,126,0,196,1500,2,2,2022,2,111.5115
800,-10,15,805,1105,15,1133,-13,0,333,2165,23,1,2021,5,-15.47
735,-7,20,748,819,7,840,-14,0,125,483,14,2,2019,3,-15.1044
1742,36,11,1829,2019,9,1952,36,0,130,807,23,7,2023,6,34.1249
1529,10,19,1558,1655,13,1706,2,0,157,719,24,11,2021,2,0.2185
1219,-15,8,1212,1216,7,1252,-29,0,93,385,4,12,2019,2,-24.8579
1723,12,14,1749,2237,5,2235,7,0,192,1299,1,2,2023,2,1.0249
1830,-5,12,1837,2019,11,2039,-9,0,189,1042,24,4,2019,2,-14.4875
1545,29,9,1623,1707,6,1658,15,0,73,297,9,6,2023,4,28.9047
1330,48,46,1504,1649,4,1535,78,0,185,1183,5,1,2023,3,68.6587
600,-5,10,605,824,10,855,-21,0,175,1062,8,6,2021,1,-15.1902
850,1,35,926,1120,4,1115,9,0,145,825,20,1,2023,4,8.2607
815,-4,10,821,911,3,925,-11,0,70,326,16,9,2019,0,-13.3419
956,-11,12,957,1058,14,1133,-21,0,97,373,11,8,2019,6,-16.6905
725,-5,9,729,827,4,845,-14,0,80,342,14,9,2019,5,-15.5146
900,0,23,923,1012,7,1025,-6,0,85,306,27,12,2020,6,-0.7298
735,-1,21,755,934,8,932,10,0,177,958,26,3,2023,6,-6.2373
1032,-7,23,1048,1123,4,1145,-18,0,73,175,11,2,2019,0,-11.871
1255,-1,8,1302,1344,3,1405,-18,0,130,577,8,3,2022,1,-14.52
1815,-3,19,1831,2037,10,2113,-26,0,238,1389,31,7,2021,5,-17.1544
1300,30,31,1401,1445,7,1416,36,0,76,184,28,2,2019,3,32.9197
1151,25,15,1231,1326,4,1316,14,0,85,363,21,2,2022,0,15.8826
1500,-18,7,1449,1635,7,1713,-31,0,133,749,1,6,2021,1,-27.119
1015,23,9,1047,1254,3,1255,2,0,100,533,5,2,2022,5,9.872
1205,10,23,1238,2013,4,2017,0,0,312,2398,7,5,2022,5,3.1744
700,-7,10,703,910,6,955,-39,0,355,2562,31,7,2022,6,-21.3338
2010,9,9,2028,2058,5,2115,-12,0,125,646,17,12,2022,5,-2.5643
1705,22,25,1752,2107,4,2049,22,0,164,1011,2,8,2021,0,20.5907
1355,-5,10,1400,1559,3,1625,-23,0,150,880,13,2,2023,0,-17.1729
1731,14,30,1815,2256,6,2254,8,0,203,1414,20,1,2023,4,16.9147
1259,-8,9,1300,1342,6,1419,-31,0,80,220,15,4,2021,3,-24.1388
630,-4,10,636,850,27,910,7,0,160,954,17,9,2022,5,-2.2624
1248,-9,15,1254,1432,6,1500,-22,0,132,726,28,6,2022,1,-16.6952
1239,-5,15,1249,1234,5,1255,-16,0,76,228,23,7,2023,6,-14.4481
610,38,39,727,1221,13,1144,50,0,214,1438,24,1,2021,6,49.3201
945,-7,16,954,1139,10,1205,-16,0,140,679,18,5,2019,5,-13.6542
1930,49,10,2029,2252,6,2210,48,0,100,602,27,5,2022,4,40.1333
1745,-3,12,1754,2052,19,2121,-10,0,156,930,13,7,2023,3,-6.1414
2355,-1,17,11,551,9,557,3,0,242,1972,11,2,2022,4,-10.0821
1413,-6,18,1425,1524,5,1545,-16,0,92,406,10,4,2023,0,-11.8166
810,-5,10,815,907,9,920,-4,0,70,325,9,9,2022,4,-8.1005
2120,4,15,2139,2354,6,2357,3,0,157,992,2,10,2021,5,0.0661
1000,-7,25,1018,1128,4,1123,9,0,263,1892,8,8,2023,1,-10.1133
2205,9,10,2224,147,4,155,-4,0,170,1209,16,8,2023,2,6.117
1420,34,10,1504,2304,4,2235,33,0,315,2466,19,9,2021,6,19.7298
1055,19,11,1125,1605,6,1615,-4,0,200,1489,15,2,2019,4,6.7207
1130,-11,19,1138,1205,9,1209,5,0,99,472,15,8,2019,3,-10.598
2020,-1,10,2029,2103,2,2116,-11,0,56,216,12,9,2020,5,-11.2593
2150,-2,6,2154,2240,3,2255,-12,0,65,308,23,7,2019,1,-11.2344
1629,-8,13,1634,1803,5,1852,-44,0,143,589,31,8,2019,5,-26.1213
1945,-4,18,1959,2125,6,2143,-12,0,118,507,14,12,2021,1,-15.985
1335,-3,9,1341,1545,3,1600,-12,0,85,437,30,3,2022,2,-12.7171
1139,-3,19,1155,1240,9,1302,-13,0,143,646,24,7,2019,2,-12.8122
1848,24,14,1926,2215,6,2221,0,0,153,942,25,1,2019,4,10.8171
1400,43,22,1505,1639,3,1612,30,0,132,667,27,9,2019,4,35.2225
1736,-3,15,1748,1935,6,1955,-14,0,79,237,25,10,2021,0,-13.3838
800,-1,43,842,1040,4,1034,10,0,94,420,18,3,2019,0,14.5283
1005,-2,32,1035,1140,5,1142,3,0,97,405,18,8,2023,4,1.5806
1315,-8,10,1317,1636,5,1701,-20,0,166,1117,6,6,2022,0,-19.7188
710,-2,11,719,959,5,1011,-7,0,181,1262,6,4,2019,5,-9.9794
915,10,27,952,1526,8,1519,15,0,244,1770,16,5,2021,6,9.0621
900,0,15,915,1139,5,1150,-6,0,110,574,13,11,2021,5,-5.888
1900,41,13,1954,2036,29,2025,40,0,85,184,10,8,2022,2,47.0047
1415,-6,31,1440,1547,10,1555,2,0,160,764,20,7,2023,3,-4.9416
1116,-2,13,1127,1256,5,1313,-12,0,117,585,15,12,2022,3,-12.3149
1815,16,12,1843,1855,5,1850,10,0,95,425,23,3,2022,2,7.7726
1145,0,10,1155,1242,3,1250,-5,0,65,188,6,4,2019,5,-10.7402
1955,50,15,2100,2206,3,2130,39,0,155,909,2,8,2019,4,39.3483
2016,0,28,2044,2158,6,2215,-11,0,119,544,31,1,2020,4,-1.5275
1800,-7,10,1803,1903,6,1930,-21,0,90,447,28,7,2019,6,-15.0724
1220,-5,11,1226,1329,8,1355,-18,0,95,361,9,7,2020,3,-16.9086
705,-3,10,712,750,3,810,-17,0,65,189,21,12,2020,0,-14.2934
1555,-6,12,1601,1602,3,1621,-16,0,86,296,31,12,2020,3,-18.6917
1043,-8,18,1053,1129,14,1155,-12,0,72,185,13,9,2021,0,-8.1649
1845,-3,12,1854,2001,26,2028,-1,0,163,920,17,8,2020,0,-1.3005
1550,-6,11,1555,1729,8,1757,-20,0,67,134,1,2,2023,2,-17.0839
2140,-8,11,2143,2257,13,2332,-22,0,112,550,19,10,2022,2,-15.1599
1527,-5,19,1541,1640,27,1712,-5,0,105,370,24,10,2021,6,-1.0055
1510,-1,18,1527,1557,24,1601,20,0,111,584,26,6,2019,2,7.852
1456,46,9,1551,1648,5,1620,33,0,84,366,4,11,2019,0,30.7166
1510,0,12,1522,1538,8,1547,-1,0,97,379,4,9,2021,5,-7.2722
1102,-8,18,1112,1335,15,1359,-9,0,237,1303,9,2,2020,6,-10.4141
1610,17,21,1648,1745,15,1735,25,0,85,337,21,3,2022,0,19.4344
1515,3,10,1528,1620,2,1625,-3,0,70,358,28,4,2022,3,-4.9325
900,-8,16,908,1032,4,1051,-15,0,111,603,14,12,2021,1,-15.5688
800,-9,19,810,848,5,859,-6,0,59,192,28,7,2020,1,-10.8389
850,-4,27,913,950,6,955,1,0,65,192,18,7,2020,5,0.0516
615,-6,14,623,638,11,659,-10,0,104,495,23,5,2019,3,-10.445
1231,-7,10,1234,1341,15,1407,-11,0,216,1359,7,7,2022,3,-14.6663
730,-2,8,736,1053,24,1126,-9,0,176,1163,1,8,2022,0,-2.7275
1905,4,10,1919,2007,7,2025,-11,0,200,1290,24,8,2023,3,-6.7442
1705,2,9,1716,1809,9,1834,-16,0,89,352,23,7,2021,4,-7.5054
600,-6,12,606,726,8,740,-6,0,100,502,5,7,2020,6,-16.2892
1038,-5,18,1051,1237,10,1301,-14,0,83,235,18,5,2023,3,-12.9995
1530,6,31,1607,1811,4,1827,-12,0,237,1372,11,5,2023,3,2.5752
1128,24,15,1207,1437,9,1443,3,0,195,1096,8,7,2020,2,6.2969
1035,12,11,1058,1134,6,1145,-5,0,70,175,23,3,2019,5,-1.2448
1740,4,8,1752,1832,24,1855,1,0,75,214,21,11,2021,6,7.3341
1325,15,13,1353,1515,4,1521,-2,0,236,1440,20,4,2023,3,-2.5964
1400,8,17,1425,1948,4,1945,7,0,225,1727,12,4,2022,1,-2.2315
1350,22,33,1445,1810,11,1802,19,0,192,1197,26,9,2019,3,31.2072
930,13,15,958,947,3,945,5,0,75,261,3,1,2022,0,4.924
713,-8,31,736,806,17,822,1,0,69,91,15,6,2022,2,0.4398
942,-7,11,946,1014,5,1041,-22,0,119,591,1,7,2022,4,-18.6059
1210,-5,11,1216,1214,18,1244,-12,0,94,296,11,7,2021,6,-12.4223
1455,-2,28,1521,1623,8,1634,-3,0,99,399,10,2,2022,3,0.3365
1430,2,8,1440,1643,5,1720,-32,0,170,946,16,1,2023,0,-11.7971
1723,68,15,1846,2113,14,2026,61,0,123,675,6,11,2021,5,62.164
1605,20,15,1640,1724,5,1720,9,0,75,255,29,3,2021,0,13.1518
1242,-3,8,1247,1509,9,1525,-7,0,163,977,18,11,2019,0,-14.0128
615,-4,37,648,917,11,915,13,0,180,1050,3,10,2019,3,7.5118
1320,-6,19,1333,1447,5,1513,-21,0,113,544,3,7,2023,0,-12.2653
944,24,25,1033,1238,4,1229,13,0,225,1440,2,1,2022,6,18.718
747,-1,12,758,842,18,900,0,0,73,226,18,5,2019,5,-2.9029
1120,-1,18,1137,1313,10,1331,-8,0,131,612,9,2,2023,3,-6.7931
1611,31,13,1655,1718,7,1708,17,0,117,628,1,4,2022,4,20.194
1505,-2,10,1513,1631,8,1648,-9,0,223,1371,1,5,2023,0,-14.6862
1518,82,35,1715,1851,10,1735,86,0,137,547,3,2,2022,3,95.1626
900,23,12,935,1111,7,1100,18,0,180,1020,15,1,2023,6,10.0258
1345,-1,13,1357,1454,3,1500,-3,0,75,358,11,6,2022,5,-7.2525
700,-5,16,711,1511,11,1522,0,0,322,2475,17,9,2020,3,-13.8801
1800,-6,9,1803,1922,6,1920,8,0,140,775,26,8,2020,2,-16.2854
2145,8,10,2203,2244,5,2250,-1,0,65,251,30,1,2023,0,0.8728
1750,32,58,1920,2020,3,1919,64,0,89,349,27,11,2021,5,64.9629
2045,19,13,2117,2116,13,2112,17,0,87,370,9,3,2022,2,16.1496
1555,36,16,1647,1745,11,1700,56,0,65,192,6,8,2019,1,33.164
945,-3,24,1006,1156,60,1152,64,0,127,667,22,6,2019,5,43.311
715,22,11,748,958,8,956,10,0,101,484,23,1,2019,2,12.4396
2053,-20,10,2043,2203,5,2250,-42,0,117,639,8,12,2019,6,-31.3433
825,-5,30,850,1044,5,1053,-4,0,148,746,9,6,2022,3,-7.9997
1821,92,18,2011,2225,3,2119,69,0,118,577,29,6,2023,3,73.4022
1358,-5,13,1406,1608,5,1626,-13,0,148,802,4,11,2020,2,-15.4322
1730,71,17,1858,2059,5,2028,36,0,358,2442,31,7,2023,0,53.465
1005,-5,30,1030,1051,5,1054,2,0,109,563,19,5,2019,6,-0.6501
1455,62,25,1622,1814,8,1734,48,0,159,833,22,7,2022,4,54.492
730,-8,16,738,907,10,923,-6,0,113,594,15,3,2023,2,-11.2371
1650,51,18,1759,1845,5,1816,34,0,86,209,20,3,2023,0,39.3915
958,-11,11,958,1158,14,1229,-17,0,151,853,1,10,2019,1,-17.8288
1525,24,13,1602,1755,10,1743,22,0,138,672,29,12,2022,3,13.7294
600,-7,18,611,724,9,750,-17,0,110,488,31,7,2019,2,-13.3814
939,-10,13,942,1217,5,1238,-16,0,119,628,7,2,2023,1,-20.0203
1449,3,24,1516,1613,8,1620,1,0,91,361,15,7,2019,0,3.048
1740,-10,18,1748,1803,19,1830,-8,0,110,516,2,12,2020,2,-3.3292
530,-3,11,538,722,10,745,-13,0,135,834,23,7,2021,4,-9.0176
917,12,5,934,957,9,949,17,0,92,589,5,7,2021,0,11.8014
700,-2,15,713,1416,8,1429,-5,0,269,2139,5,7,2020,6,-14.503
2023,3,26,2052,2133,3,2130,6,0,67,227,16,12,2022,4,5.1715
1100,-3,8,1105,1145,11,1224,-28,0,204,1299,20,10,2022,3,-14.5115
1425,-18,16,1423,1709,9,1744,-26,0,139,854,15,1,2022,5,-19.6805
810,-8,11,813,849,6,915,-20,0,185,1009,28,3,2020,5,-21.0276
700,-5,20,715,815,5,828,-8,0,88,405,17,7,2022,6,-7.1951
2035,-7,8,2036,2135,3,2200,-22,0,85,391,17,2,2020,0,-18.4222
1445,16,14,1515,2016,12,2027,1,0,222,1587,9,3,2019,5,7.2174
743,51,13,847,1211,6,1126,51,0,163,1160,27,1,2022,3,45.222
1230,10,10,1250,1250,3,1305,-12,0,95,402,17,4,2019,2,-1.5385
1515,-5,8,1518,1622,5,1645,-18,0,90,386,14,3,2020,5,-19.9715
1043,-1,14,1056,1217,9,1259,-33,0,316,2075,26,5,2022,3,-13.5129
1226,124,29,1459,1552,11,1345,138,0,79,309,13,2,2021,5,135.1782
1625,-1,9,1633,1735,2,1755,-18,0,90,441,6,10,2022,3,-11.4168
645,-2,15,658,904,6,930,-20,0,165,946,4,2,2021,3,-12.5073
1535,6,14,1555,1551,5,1600,-4,0,85,368,22,8,2021,6,-0.7165
1615,8,9,1632,1649,5,1655,-1,0,100,495,27,1,2019,6,-2.1957
640,32,8,720,822,5,820,7,0,220,1447,28,6,2021,0,15.6248
600,63,10,713,903,8,819,52,0,139,829,10,1,2022,0,49.8605
1215,-6,12,1221,1315,4,1334,-15,0,79,229,2,2,2019,5,-21.0766
730,-3,14,741,849,4,911,-18,0,101,372,4,4,2022,0,-16.4559
1610,-8,9,1611,1621,5,1645,-19,0,95,448,4,12,2021,5,-17.6028
2225,-7,16,2234,2339,5,2356,-12,0,91,406,9,12,2021,3,-13.3594
715,-6,8,717,702,8,740,-30,0,145,833,4,6,2021,4,-16.6471
1825,-6,18,1837,1915,6,1931,-10,0,66,213,20,3,2023,0,-8.6872
1457,-2,17,1512,1605,3,1605,3,0,68,317,8,9,2021,2,-5.9064
1034,-1,31,1104,1154,2,1158,-2,0,84,312,19,12,2020,5,2.6995
2200,-1,18,2217,657,10,709,-2,0,309,2500,11,3,2023,5,-9.3859
1855,-5,11,1901,1911,25,1920,16,0,85,448,30,7,2019,1,7.0627
700,-4,14,710,818,6,834,-10,0,94,414,26,5,2023,4,-11.7504
1607,-9,18,1616,1740,10,1824,-34,0,317,2218,7,7,2022,3,-13.0747
745,0,15,800,900,6,910,-4,0,85,386,17,11,2022,3,-4.187
1140,18,16,1214,1427,6,1432,1,0,172,997,7,9,2021,1,6.3705
700,-10,10,700,739,4,818,-35,0,78,209,13,10,2020,1,-25.6653
1557,-2,28,1623,1821,9,1824,6,0,267,1744,15,6,2023,3,-3.098
1740,18,31,1829,1955,7,1948,14,0,248,1535,8,1,2019,1,17.3117
1050,-6,9,1053,1233,3,1250,-14,0,120,663,2,8,2019,4,-17.3877
1545,-3,8,1550,1802,3,1849,-44,0,244,1325,10,2,2021,2,-20.6841
2015,84,14,2153,2326,4,2215,75,0,180,1105,21,3,2019,3,71.6529
1446,1,17,1504,1725,5,1748,-18,0,122,626,27,6,2023,1,-5.9232
1440,0,14,1454,1527,5,1538,-6,0,58,175,29,8,2020,5,-6.7168
1430,32,9,1511,1546,8,1525,29,0,55,216,27,5,2022,4,27.1344
1955,-4,11,2002,2039,7,2047,-1,0,52,216,30,10,2019,2,-3.0874
600,-19,9,550,629,4,700,-27,0,60,261,3,6,2019,0,-22.5405
2200,33,12,2245,2323,3,2305,21,0,65,237,10,8,2023,3,25.234
515,7,11,533,905,3,910,-2,0,175,1167,1,7,2021,3,-4.5928
600,26,22,648,843,4,830,17,0,150,781,27,12,2021,0,19.9927
1645,13,11,1709,1821,3,1815,9,0,150,909,28,4,2022,3,1.9901
1410,-6,10,1414,1516,11,1543,-16,0,153,861,17,8,2022,2,-15.314
600,43,13,656,758,26,734,50,0,94,403,15,7,2023,5,46.9311
1445,-3,12,1454,1538,15,1604,-11,0,139,612,12,11,2021,4,-12.2394
2120,20,14,2154,23,6,35,-6,0,135,678,3,8,2019,5,6.0004
2200,-3,24,2221,551,4,600,-5,0,300,2354,13,8,2023,6,-8.9421
855,-5,13,903,1054,6,1125,-25,0,150,717,13,4,2019,5,-15.9929
830,-6,26,850,946,9,957,-2,0,87,337,6,9,2021,0,-4.3716
1559,52,21,1712,1810,8,1734,44,0,95,373,4,1,2022,1,45.1591
600,-3,18,615,713,13,720,6,0,80,270,10,5,2022,1,-3.0406
1430,7,14,1451,1603,15,1613,5,0,103,431,20,11,2019,2,4.2953
1915,14,13,1942,2107,6,2055,18,0,100,543,21,3,2022,0,10.0369
1726,-2,16,1740,1916,15,1941,-10,0,195,1119,5,6,2022,6,-6.0616
1310,-1,28,1337,2126,16,2200,-18,0,350,2586,26,9,2019,3,0.8714
1715,-8,12,1719,1845,8,1912,-19,0,117,549,16,11,2019,5,-16.9687
600,-3,15,612,850,6,910,-14,0,130,733,16,8,2021,0,-13.7303
1235,-4,14,1245,1527,3,1551,-21,0,136,861,8,10,2020,3,-14.1026
1300,-2,30,1328,1412,11,1411,12,0,71,214,28,6,2019,4,8.184
1340,-6,16,1350,1544,7,1616,-25,0,156,861,2,7,2023,6,-14.2781
710,-5,11,716,1253,4,1305,-8,0,235,1728,27,8,2020,3,-15.9303
1219,-16,12,1215,1316,10,1341,-15,0,82,304,14,3,2020,5,-21.1092
645,51,23,759,900,4,838,26,0,173,871,13,2,2019,2,43.3167
2151,-10,15,2156,2222,11,2251,-18,0,120,604,27,5,2019,0,-15.9332
1920,21,6,1947,2013,3,2000,16,0,100,487,18,2,2020,1,8.0526
1532,-6,19,1545,1528,2,1540,-10,0,68,241,4,8,2020,1,-8.7132
1759,23,18,1840,2016,32,2029,19,0,270,1620,19,7,2022,1,30.1076
1711,-1,22,1732,1959,4,1952,11,0,161,857,5,11,2021,4,-4.5825
1415,-9,29,1435,1620,5,1628,-3,0,133,628,29,1,2020,2,-7.4843
2220,38,18,2316,41,4,16,29,0,116,683,2,1,2023,0,33.5896
820,0,15,835,1006,3,1005,4,0,105,547,21,6,2022,1,-6.9118
931,-3,10,938,1127,19,1139,7,0,128,641,13,9,2021,0,-6.5162
1805,-4,25,1826,1928,6,1940,-6,0,95,406,23,8,2022,1,-5.0856
625,-5,9,629,634,15,700,-11,0,95,448,11,8,2022,3,-7.622
1255,3,6,1304,1324,2,1335,-9,0,40,84,5,5,2020,1,-5.5329
1200,-4,47,1243,1327,6,1325,8,0,85,184,8,2,2019,4,6.0526
1230,-1,8,1237,1258,3,1305,-4,0,95,562,10,6,2023,5,-12.2027
1925,6,18,1949,2027,4,2024,7,0,59,261,9,3,2020,0,6.017
2200,8,11,2219,2243,3,2240,6,0,100,562,10,10,2022,0,0.7062
500,-3,10,507,717,16,745,-12,0,165,954,26,8,2019,0,-10.4669
1930,-7,9,1932,2158,8,2220,-14,0,110,628,18,8,2020,1,-15.8712
1827,-14,11,1824,1933,5,1953,-15,0,86,485,6,8,2021,4,-14.1809
1950,-15,10,1945,2208,6,2233,-19,0,163,1068,5,11,2020,3,-24.157
2246,-11,9,2244,2313,16,2350,-21,0,124,628,1,9,2021,2,-15.4798
2129,-8,27,2148,2234,8,2249,-7,0,80,254,24,6,2019,0,-10.5178
645,0,21,706,850,7,906,-9,0,141,820,29,12,2019,6,-2.6432
700,-8,12,704,752,3,809,-14,0,69,314,24,11,2020,1,-15.03
954,45,16,1055,1209,7,1146,30,0,112,544,15,6,2023,3,36.8828
940,-2,28,1006,1128,4,1120,12,0,100,620,31,1,2021,6,1.8709
1455,-1,25,1519,1744,7,1755,-4,0,120,606,1,7,2022,4,-2.6124
1610,-2,13,1621,1753,4,1809,-12,0,119,646,1,7,2019,0,-11.9684
605,-6,16,615,646,29,729,-14,0,144,606,24,8,2023,3,-1.654
1720,7,22,1749,1911,7,1915,3,0,115,602,9,2,2023,3,7.3864
1555,12,10,1617,1728,4,1735,-3,0,100,472,25,4,2019,3,2.1494
1524,-4,14,1534,1751,6,1808,-11,0,104,602,16,10,2019,2,-10.6785
955,-3,16,1008,1134,2,1154,-18,0,179,1060,24,7,2023,0,-16.759
1535,19,15,1609,1648,5,1640,13,0,125,634,11,11,2021,3,10.8788
815,1,13,829,1042,19,1100,1,0,345,2486,25,6,2023,6,-1.4741
1905,4,12,1921,2000,5,2012,-7,0,67,191,10,6,2022,4,-6.919
1715,26,14,1755,2057,15,2034,38,0,139,912,4,4,2021,6,23.7183
629,0,10,639,737,4,758,-17,0,149,733,21,10,2020,2,-19.3558
930,-11,13,932,1045,8,1109,-16,0,99,374,11,3,2019,0,-20.9032
930,-9,16,937,1102,5,1134,-27,0,124,431,11,1,2020,5,-30.7419
1746,5,18,1809,1843,3,1838,8,0,52,119,6,12,2021,0,1.4771
1150,-4,7,1153,1249,3,1310,-18,0,80,345,22,9,2020,1,-16.1558
1645,-7,13,1651,1915,8,1940,-17,0,175,1068,26,8,2023,5,-17.0379
1130,-1,19,1148,1354,11,1424,-19,0,174,796,12,8,2021,3,-11.73
1700,-4,8,1704,1803,3,1828,-22,0,88,372,6,2,2022,6,-19.9616
1103,26,12,1141,1403,7,1358,12,0,115,562,17,9,2019,1,13.5148
1015,-12,17,1020,1201,8,1230,-21,0,135,696,5,5,2019,6,-17.2617
1642,0,23,1705,1926,4,1958,-28,0,196,1068,25,12,2019,2,-13.8052
1029,-2,26,1053,1228,5,1231,2,0,122,685,3,7,2019,2,-1.6121
1855,-4,22,1913,2155,6,2219,-18,0,144,868,27,11,2019,2,-8.1369
1025,0,22,1047,1404,3,1405,2,0,160,1184,21,11,2021,6,-0.6535
1636,35,25,1736,1806,4,1741,29,0,125,651,24,7,2021,5,32.3559
725,61,42,908,1051,4,955,60,0,150,751,5,8,2019,0,71.2773
1611,-5,8,1614,1727,13,1749,-9,0,98,474,2,7,2020,3,-9.8669
1722,8,9,1739,1731,13,1744,0,0,82,264,19,5,2023,4,-0.7805
1555,201,15,1931,2039,6,1720,205,0,85,423,23,12,2022,4,184.3298
813,-10,18,821,956,10,1023,-17,0,130,651,26,8,2021,3,-12.2019
2141,-3,28,2206,2229,7,2226,10,0,45,110,19,2,2023,6,4.8503
1817,-7,12,1822,1901,11,1937,-25,0,80,214,22,7,2021,3,-17.5002
1835,-4,16,1847,2221,7,2251,-23,0,196,1389,16,2,2023,3,-15.9496
1330,-9,9,1330,1414,5,1444,-25,0,74,236,18,5,2021,1,-22.7405
600,-1,14,613,806,9,818,-3,0,78,352,28,11,2021,6,-5.545
600,-9,12,603,709,4,728,-15,0,88,284,23,3,2023,3,-23.9124
645,-3,15,657,727,3,737,-7,0,232,1488,11,10,2020,6,-14.7479
1225,201,21,1607,1712,23,1358,217,0,93,395,25,10,2022,1,215.1945
2200,-1,12,2211,2319,5,2332,-8,0,152,853,19,3,2022,5,-12.1149
750,-6,16,800,1237,4,1259,-18,0,189,1303,31,12,2019,1,-14.9929
700,-10,14,704,831,14,912,-27,0,192,1102,25,5,2020,0,-14.9453
2222,55,8,2325,638,5,559,44,0,277,2244,9,4,2019,1,33.8378
1059,-8,21,1112,1247,8,1315,-20,0,256,1620,26,8,2022,4,-17.0587
1239,-6,10,1243,1335,10,1349,-4,0,130,761,2,8,2020,6,-14.0194
2115,-10,14,2119,2241,4,2307,-22,0,112,581,2,6,2022,3,-21.5049
919,-6,31,944,1008,3,1018,-7,0,119,562,5,1,2019,5,-4.7019
1356,389,6,2031,2151,8,1600,359,0,124,547,10,8,2022,2,370.0926
1400,0,20,1420,1637,4,1644,-3,0,104,489,8,4,2019,0,-6.6433
600,2,10,612,758,26,819,5,0,139,787,2,9,2021,3,5.5897
1600,2,20,1622,1707,9,1731,-15,0,91,184,28,7,2022,3,-10.0477
1245,-6,9,1248,1535,10,1605,-20,0,140,849,4,6,2023,6,-13.0256
1800,-1,33,1832,2129,3,2124,8,0,144,900,6,1,2019,6,2.4754
1605,0,9,1614,1714,8,1735,-13,0,90,370,15,8,2022,0,-8.2256
1615,-5,12,1622,1724,5,1801,-32,0,106,449,12,11,2020,3,-17.087
1800,-11,15,1804,2218,9,2257,-30,0,177,1290,10,2,2021,2,-19.8202
800,8,12,820,922,14,930,6,0,90,335,2,8,2021,0,1.5566
1801,22,28,1851,1956,8,1941,23,0,100,386,26,1,2022,2,24.0774
1730,-7,9,1732,1832,6,1857,-19,0,87,411,26,3,2022,5,-18.086
1520,27,11,1558,1716,4,1652,28,0,272,1747,5,3,2023,6,19.2797
635,-6,15,644,712,2,738,-24,0,63,119,2,9,2019,0,-18.0117
1820,-1,11,1830,1830,44,1841,33,0,81,296,16,8,2023,2,21.8575
635,82,18,815,909,22,805,86,0,150,793,2,4,2022,5,90.0625
1621,-13,8,1616,1607,4,1628,-17,0,67,262,19,5,2019,6,-24.3493
1550,46,19,1655,1736,3,1710,29,0,80,231,4,3,2023,5,35.246
840,-4,16,852,1205,4,1217,-8,0,157,1005,11,12,2021,5,-14.1418
1120,-5,21,1136,1348,5,1359,-6,0,159,1005,15,10,2020,3,-10.2045
1900,48,12,2000,2141,13,2125,29,0,205,1246,29,10,2021,4,38.485
1324,-8,22,1338,1425,6,1437,-6,0,73,290,26,6,2023,0,-5.304
2105,-8,8,2105,2329,2,2345,-14,0,160,1053,23,3,2020,0,-20.4585
725,-3,21,743,843,9,905,-13,0,100,406,18,9,2021,5,-5.1098
945,4,15,1004,1046,5,1040,11,0,115,591,25,6,2023,6,-2.325
1100,-5,12,1107,1235,7,1306,-24,0,126,666,5,1,2021,1,-15.3849
600,-13,12,559,639,6,655,-10,0,55,261,17,6,2019,0,-13.0954
1316,16,13,1345,1625,5,1630,0,0,134,738,2,5,2023,1,1.8695
1650,139,18,1927,1959,5,1756,128,0,66,181,27,4,2023,3,134.7464
1100,-3,13,1110,1604,4,1620,-12,0,200,1491,30,8,2019,4,-14.7651
1550,199,10,1919,2108,3,1805,186,0,135,763,24,6,2021,3,177.2663
1943,5,9,1957,2042,6,2055,-7,0,72,224,15,8,2022,0,-6.7477
2025,-7,26,2044,2230,5,2248,-13,0,83,316,19,3,2019,1,-9.3206
1438,-4,14,1448,1529,4,1546,-13,0,188,1171,18,10,2021,0,-14.4388
1650,-5,9,1654,1812,3,1832,-17,0,102,550,3,3,2021,2,-17.1631
1130,24,15,1209,1358,4,1345,17,0,135,763,25,6,2022,5,15.6545
945,-5,8,948,1238,3,1250,-9,0,125,803,16,8,2020,6,-17.3308
1610,-6,16,1620,1642,5,1655,-8,0,45,102,7,9,2022,2,-6.5793
900,-2,10,908,1047,6,1108,-15,0,128,746,14,3,2022,0,-14.7713
1520,154,30,1824,1947,4,1715,156,0,115,600,13,1,2021,2,161.4932
1150,1,15,1206,1434,7,1444,-3,0,174,946,13,11,2021,5,-9.0123
815,0,14,829,856,5,905,-4,0,110,602,28,7,2022,3,-6.3444
2007,-9,13,2011,2112,8,2125,-5,0,78,319,4,9,2022,6,-14.5962
2320,-8,13,2325,2,4,23,-17,0,63,207,27,8,2023,6,-14.6982
1210,4,8,1222,1552,3,1605,-10,0,175,1183,8,11,2020,6,-9.0532
622,-6,25,641,748,8,809,-13,0,107,427,18,3,2019,0,-7.1671
1936,-8,10,1938,2030,8,2050,-12,0,74,321,19,9,2020,5,-14.894
1545,1,12,1558,1652,2,1715,-21,0,150,853,18,8,2019,6,-8.4834
745,-3,35,817,1039,7,1040,6,0,175,978,19,7,2019,4,3.7465
1549,3,96,1728,1912,5,1810,67,0,261,1709,17,4,2023,0,80.0242
715,-1,81,835,1155,8,1031,92,0,196,1111,13,2,2019,2,53.4556
1030,-4,8,1034,1125,4,1140,-11,0,70,277,16,4,2020,3,-14.8348
1915,-10,19,1924,2037,5,2045,-3,0,90,421,19,7,2023,2,-12.1013
730,0,3,733,833,6,846,-7,0,76,295,26,1,2020,6,-12.3926
1440,7,11,1458,1616,3,1630,-11,0,170,917,16,1,2023,0,-5.6353
1945,-5,32,2012,2225,3,2230,-2,0,165,1005,6,9,2019,4,-1.8042
2021,-5,10,2026,2151,3,2213,-19,0,112,636,8,8,2023,1,-18.3106
1105,27,15,1147,1135,4,1114,25,0,129,758,21,7,2022,3,23.173
59,19,13,131,846,7,838,15,0,279,2176,3,2,2023,4,3.9714
1426,41,9,1516,1844,16,1819,41,0,173,1107,21,3,2019,3,40.0975
1523,-1,19,1541,1741,3,1747,-3,0,84,399,10,12,2020,3,-3.6858
1315,4,10,1329,1619,7,1640,-14,0,145,973,16,2,2019,5,-5.3434
525,-10,15,530,615,6,645,-24,0,80,295,13,1,2019,6,-17.7685
1055,0,18,1113,1302,5,1327,-20,0,332,2153,17,10,2019,3,-16.945
1054,-7,8,1055,1345,7,1409,-17,0,135,874,1,4,2021,3,-17.9654
833,-6,26,853,1534,5,1607,-28,0,274,2075,6,4,2023,3,-8.7726
1459,260,19,1938,2152,4,1824,212,0,265,1416,12,12,2021,6,233.0207
1259,-3,18,1314,1347,6,1405,-12,0,126,606,15,2,2019,4,-11.9982
1931,-5,25,1951,2137,7,2155,-11,0,144,693,25,11,2022,4,-10.2698
1841,-10,17,1848,2101,12,2128,-15,0,107,589,10,4,2019,2,-11.9272
1350,-2,11,1359,1618,8,1648,-22,0,178,1013,14,1,2020,1,-14.9352
1614,-5,10,1619,1725,7,1743,-11,0,89,407,13,5,2021,3,-8.6852
1850,71,10,2011,2118,4,2010,72,0,80,387,12,7,2019,4,61.2974
2015,-5,8,2018,2057,4,2115,-14,0,60,188,20,3,2019,2,-18.7026